matrix_dim,block_size,mem_to,mem_from,runtime(s),runtime(us)
100,16,40004,40000,0.095134,95134
1000,16,4000004,4000000,0.216060,216060
10000,16,400000004,400000000,0.091825,91825
100,32,40004,40000,0.245096,245096
1000,32,4000004,4000000,0.290373,290373
10000,32,400000004,400000000,0.768790,768790
